session_id,t_end,label,r0_bot,r0_top,dr0_bot,dr0_top,r1_bot,r1_top,dr1_bot,dr1_top,r2_bot,r2_top,dr2_bot,dr2_top,r3_bot,r3_top,dr3_bot,dr3_top,r4_bot,r4_top,dr4_bot,dr4_top
S1,1756553197,0,3.730201067,1.647543626,1.148822879,-7.354504437,4.229952718,0.996242942,6.609458187,-8.613767709,5.674592496,0.949210198,15.60614741,-0.508085096,5.838852627,1.480607983,2.365484845,7.652577668,5.247666148,0.859069264,-8.910026461,-9.367478169
S1,1756553198,1,4.229952718,0.996242942,6.609458187,-8.613767709,5.674592496,0.949210198,15.60614741,-0.508085096,5.838852627,1.480607983,2.365484845,7.652577668,5.247666148,0.859069264,-8.910026461,-9.367478169,4.000924893,1.30667517,-16.94517049,6.08366681
S1,1756553200,1,5.674592496,0.949210198,15.60614741,-0.508085096,5.838852627,1.480607983,2.365484845,7.652577668,5.247666148,0.859069264,-8.910026461,-9.367478169,4.000924893,1.30667517,-16.94517049,6.08366681,3.449478221,1.897076699,-6.275769857,6.719097795
S1,1756553201,0,5.838852627,1.480607983,2.365484845,7.652577668,5.247666148,0.859069264,-8.910026461,-9.367478169,4.000924893,1.30667517,-16.94517049,6.08366681,3.449478221,1.897076699,-6.275769857,6.719097795,3.405201903,1.973676772,-0.477971914,0.82691346
S1,1756553202,0,5.247666148,0.859069264,-8.910026461,-9.367478169,4.000924893,1.30667517,-16.94517049,6.08366681,3.449478221,1.897076699,-6.275769857,6.719097795,3.405201903,1.973676772,-0.477971914,0.82691346,3.368159735,2.060218435,-0.428023509,0.999991856
S1,1756553203,0,4.000924893,1.30667517,-16.94517049,6.08366681,3.449478221,1.897076699,-6.275769857,6.719097795,3.405201903,1.973676772,-0.477971914,0.82691346,3.368159735,2.060218435,-0.428023509,0.999991856,3.378431589,1.764596271,0.128194281,-3.689409079
S1,1756553204,0,3.449478221,1.897076699,-6.275769857,6.719097795,3.405201903,1.973676772,-0.477971914,0.82691346,3.368159735,2.060218435,-0.428023509,0.999991856,3.378431589,1.764596271,0.128194281,-3.689409079,3.341751038,1.693310367,-0.5349943,-1.039721362
S1,1756553205,0,3.405201903,1.973676772,-0.477971914,0.82691346,3.368159735,2.060218435,-0.428023509,0.999991856,3.378431589,1.764596271,0.128194281,-3.689409079,3.341751038,1.693310367,-0.5349943,-1.039721362,3.426076473,1.714059509,1.042262329,0.256459378
S1,1756553206,0,3.368159735,2.060218435,-0.428023509,0.999991856,3.378431589,1.764596271,0.128194281,-3.689409079,3.341751038,1.693310367,-0.5349943,-1.039721362,3.426076473,1.714059509,1.042262329,0.256459378,3.93029261,1.359117361,6.385874976,-4.495326542
S1,1756553207,0,3.378431589,1.764596271,0.128194281,-3.689409079,3.341751038,1.693310367,-0.5349943,-1.039721362,3.426076473,1.714059509,1.042262329,0.256459378,3.93029261,1.359117361,6.385874976,-4.495326542,4.034860592,1.174776575,1.225577054,-2.160545058
S1,1756553208,1,3.341751038,1.693310367,-0.5349943,-1.039721362,3.426076473,1.714059509,1.042262329,0.256459378,3.93029261,1.359117361,6.385874976,-4.495326542,4.034860592,1.174776575,1.225577054,-2.160545058,5.205573936,0.947628619,15.32313001,-2.973074212
S1,1756553209,1,3.426076473,1.714059509,1.042262329,0.256459378,3.93029261,1.359117361,6.385874976,-4.495326542,4.034860592,1.174776575,1.225577054,-2.160545058,5.205573936,0.947628619,15.32313001,-2.973074212,5.794109077,1.082450923,7.339460113,1.681331918
S1,1756553210,0,3.93029261,1.359117361,6.385874976,-4.495326542,4.034860592,1.174776575,1.225577054,-2.160545058,5.205573936,0.947628619,15.32313001,-2.973074212,5.794109077,1.082450923,7.339460113,1.681331918,6.024699163,1.482228053,2.822858385,4.894027521
S1,1756553211,0,4.034860592,1.174776575,1.225577054,-2.160545058,5.205573936,0.947628619,15.32313001,-2.973074212,5.794109077,1.082450923,7.339460113,1.681331918,6.024699163,1.482228053,2.822858385,4.894027521,5.833738081,1.110180166,-2.217183935,-4.319721024
S1,1756553212,0,5.205573936,0.947628619,15.32313001,-2.973074212,5.794109077,1.082450923,7.339460113,1.681331918,6.024699163,1.482228053,2.822858385,4.894027521,5.833738081,1.110180166,-2.217183935,-4.319721024,5.798706752,1.060660172,-0.414693261,-0.586206929
S1,1756553213,0,5.794109077,1.082450923,7.339460113,1.681331918,6.024699163,1.482228053,2.822858385,4.894027521,5.833738081,1.110180166,-2.217183935,-4.319721024,5.798706752,1.060660172,-0.414693261,-0.586206929,5.788790893,1.053612832,-0.124681865,-0.088613139
S1,1756553214,0,6.024699163,1.482228053,2.822858385,4.894027521,5.833738081,1.110180166,-2.217183935,-4.319721024,5.798706752,1.060660172,-0.414693261,-0.586206929,5.788790893,1.053612832,-0.124681865,-0.088613139,5.820927761,1.132784181,0.477974921,1.177523542
S1,1756553215,0,5.833738081,1.110180166,-2.217183935,-4.319721024,5.798706752,1.060660172,-0.414693261,-0.586206929,5.788790893,1.053612832,-0.124681865,-0.088613139,5.820927761,1.132784181,0.477974921,1.177523542,5.114762947,0.98020406,-7.473486896,-1.61478667
S1,1756553216,1,5.798706752,1.060660172,-0.414693261,-0.586206929,5.788790893,1.053612832,-0.124681865,-0.088613139,5.820927761,1.132784181,0.477974921,1.177523542,5.114762947,0.98020406,-7.473486896,-1.61478667,3.965652531,1.235475617,-14.22912716,3.160959461
S1,1756553217,0,5.788790893,1.053612832,-0.124681865,-0.088613139,5.820927761,1.132784181,0.477974921,1.177523542,5.114762947,0.98020406,-7.473486896,-1.61478667,3.965652531,1.235475617,-14.22912716,3.160959461,3.570224083,1.745422585,-4.681418879,6.037186678
S1,1756553218,0,5.820927761,1.132784181,0.477974921,1.177523542,5.114762947,0.98020406,-7.473486896,-1.61478667,3.965652531,1.235475617,-14.22912716,3.160959461,3.570224083,1.745422585,-4.681418879,6.037186678,3.465977496,1.820164828,-1.299014771,0.931361689
S1,1756553219,0,5.114762947,0.98020406,-7.473486896,-1.61478667,3.965652531,1.235475617,-14.22912716,3.160959461,3.570224083,1.745422585,-4.681418879,6.037186678,3.465977496,1.820164828,-1.299014771,0.931361689,3.40124977,1.992109435,-0.809046704,2.149175132
S1,1756553220,0,3.965652531,1.235475617,-14.22912716,3.160959461,3.570224083,1.745422585,-4.681418879,6.037186678,3.465977496,1.820164828,-1.299014771,0.931361689,3.40124977,1.992109435,-0.809046704,2.149175132,3.380902246,2.128497122,-0.247154547,1.65665549
S1,1756553221,0,3.570224083,1.745422585,-4.681418879,6.037186678,3.465977496,1.820164828,-1.299014771,0.931361689,3.40124977,1.992109435,-0.809046704,2.149175132,3.380902246,2.128497122,-0.247154547,1.65665549,3.403527582,2.642725865,0.282093954,6.411432902
S1,1756553222,0,3.465977496,1.820164828,-1.299014771,0.931361689,3.40124977,1.992109435,-0.809046704,2.149175132,3.380902246,2.128497122,-0.247154547,1.65665549,3.403527582,2.642725865,0.282093954,6.411432902,3.663795846,2.81485346,3.919432362,2.592104212
S1,1756553223,0,3.40124977,1.992109435,-0.809046704,2.149175132,3.380902246,2.128497122,-0.247154547,1.65665549,3.403527582,2.642725865,0.282093954,6.411432902,3.663795846,2.81485346,3.919432362,2.592104212,3.544587423,2.822073706,-1.700887749,0.103019799
S1,1756553224,0,3.380902246,2.128497122,-0.247154547,1.65665549,3.403527582,2.642725865,0.282093954,6.411432902,3.663795846,2.81485346,3.919432362,2.592104212,3.544587423,2.822073706,-1.700887749,0.103019799,3.404893537,2.982163644,-1.654828829,1.896442666
S1,1756553226,0,3.403527582,2.642725865,0.282093954,6.411432902,3.663795846,2.81485346,3.919432362,2.592104212,3.544587423,2.822073706,-1.700887749,0.103019799,3.404893537,2.982163644,-1.654828829,1.896442666,3.399117533,2.520714185,-0.060578218,-4.839640411
S1,1756553227,0,3.663795846,2.81485346,3.919432362,2.592104212,3.544587423,2.822073706,-1.700887749,0.103019799,3.404893537,2.982163644,-1.654828829,1.896442666,3.399117533,2.520714185,-0.060578218,-4.839640411,4.261854057,1.861021225,9.951622872,-7.609525459
S1,1756553228,0,3.544587423,2.822073706,-1.700887749,0.103019799,3.404893537,2.982163644,-1.654828829,1.896442666,3.399117533,2.520714185,-0.060578218,-4.839640411,4.261854057,1.861021225,9.951622872,-7.609525459,3.830509105,1.368502832,-5.554677709,-6.342443393
S1,1756553229,1,3.404893537,2.982163644,-1.654828829,1.896442666,3.399117533,2.520714185,-0.060578218,-4.839640411,4.261854057,1.861021225,9.951622872,-7.609525459,3.830509105,1.368502832,-5.554677709,-6.342443393,5.25815557,0.740405294,16.97009616,-7.466046995
S1,1756553230,1,3.399117533,2.520714185,-0.060578218,-4.839640411,4.261854057,1.861021225,9.951622872,-7.609525459,3.830509105,1.368502832,-5.554677709,-6.342443393,5.25815557,0.740405294,16.97009616,-7.466046995,5.662102083,0.747930478,5.518054453,0.102796711
S1,1756553231,0,4.261854057,1.861021225,9.951622872,-7.609525459,3.830509105,1.368502832,-5.554677709,-6.342443393,5.25815557,0.740405294,16.97009616,-7.466046995,5.662102083,0.747930478,5.518054453,0.102796711,5.570718087,0.73,-1.119683405,-0.219693376
S1,1756553232,0,3.830509105,1.368502832,-5.554677709,-6.342443393,5.25815557,0.740405294,16.97009616,-7.466046995,5.662102083,0.747930478,5.518054453,0.102796711,5.570718087,0.73,-1.119683405,-0.219693376,5.326649979,0.879317917,-2.926709988,1.790525788
S1,1756553233,1,5.25815557,0.740405294,16.97009616,-7.466046995,5.662102083,0.747930478,5.518054453,0.102796711,5.570718087,0.73,-1.119683405,-0.219693376,5.326649979,0.879317917,-2.926709988,1.790525788,3.982084881,1.075639345,-16.09744579,2.350405747
S1,1756553234,1,5.662102083,0.747930478,5.518054453,0.102796711,5.570718087,0.73,-1.119683405,-0.219693376,5.326649979,0.879317917,-2.926709988,1.790525788,3.982084881,1.075639345,-16.09744579,2.350405747,3.733430058,1.280039062,-3.069700804,2.523361377
S1,1756553235,0,5.570718087,0.73,-1.119683405,-0.219693376,5.326649979,0.879317917,-2.926709988,1.790525788,3.982084881,1.075639345,-16.09744579,2.350405747,3.733430058,1.280039062,-3.069700804,2.523361377,4.804008743,0.88232647,15.40295982,-5.722093256
S1,1756553236,1,5.326649979,0.879317917,-2.926709988,1.790525788,3.982084881,1.075639345,-16.09744579,2.350405747,3.733430058,1.280039062,-3.069700804,2.523361377,4.804008743,0.88232647,15.40295982,-5.722093256,5.434822904,0.858661749,9.341287815,-0.350434376
S1,1756553237,1,3.982084881,1.075639345,-16.09744579,2.350405747,3.733430058,1.280039062,-3.069700804,2.523361377,4.804008743,0.88232647,15.40295982,-5.722093256,5.434822904,0.858661749,9.341287815,-0.350434376,5.534482812,0.728354309,1.459195116,-1.907928511
S1,1756553238,0,3.733430058,1.280039062,-3.069700804,2.523361377,4.804008743,0.88232647,15.40295982,-5.722093256,5.434822904,0.858661749,9.341287815,-0.350434376,5.534482812,0.728354309,1.459195116,-1.907928511,5.480191602,0.657647322,-0.670592714,-0.873356678
S1,1756553239,0,4.804008743,0.88232647,15.40295982,-5.722093256,5.434822904,0.858661749,9.341287815,-0.350434376,5.534482812,0.728354309,1.459195116,-1.907928511,5.480191602,0.657647322,-0.670592714,-0.873356678,5.544447673,0.664003012,0.885501594,0.087586647
S1,1756553240,0,5.434822904,0.858661749,9.341287815,-0.350434376,5.534482812,0.728354309,1.459195116,-1.907928511,5.480191602,0.657647322,-0.670592714,-0.873356678,5.544447673,0.664003012,0.885501594,0.087586647,5.589749547,0.667308025,0.573384366,0.041831441
S1,1756553241,0,5.534482812,0.728354309,1.459195116,-1.907928511,5.480191602,0.657647322,-0.670592714,-0.873356678,5.544447673,0.664003012,0.885501594,0.087586647,5.589749547,0.667308025,0.573384366,0.041831441,5.265453447,0.651920241,-3.92787735,-0.186376985
S1,1756553242,0,5.480191602,0.657647322,-0.670592714,-0.873356678,5.544447673,0.664003012,0.885501594,0.087586647,5.589749547,0.667308025,0.573384366,0.041831441,5.265453447,0.651920241,-3.92787735,-0.186376985,5.131179202,0.793095202,-1.681431289,1.767844593
S1,1756553243,1,5.544447673,0.664003012,0.885501594,0.087586647,5.589749547,0.667308025,0.573384366,0.041831441,5.265453447,0.651920241,-3.92787735,-0.186376985,5.131179202,0.793095202,-1.681431289,1.767844593,3.707249654,1.464137972,-17.21086356,8.110812481
S1,1756553244,1,5.589749547,0.667308025,0.573384366,0.041831441,5.265453447,0.651920241,-3.92787735,-0.186376985,5.131179202,0.793095202,-1.681431289,1.767844593,3.707249654,1.464137972,-17.21086356,8.110812481,3.383385878,1.909790564,-3.408278759,4.689960338
S1,1756553245,0,5.265453447,0.651920241,-3.92787735,-0.186376985,5.131179202,0.793095202,-1.681431289,1.767844593,3.707249654,1.464137972,-17.21086356,8.110812481,3.383385878,1.909790564,-3.408278759,4.689960338,3.475399258,1.754536976,1.184058679,-1.997854658
S1,1756553246,0,5.131179202,0.793095202,-1.681431289,1.767844593,3.707249654,1.464137972,-17.21086356,8.110812481,3.383385878,1.909790564,-3.408278759,4.689960338,3.475399258,1.754536976,1.184058679,-1.997854658,3.54290841,1.628557644,0.783082192,-1.461315515
S1,1756553247,0,3.707249654,1.464137972,-17.21086356,8.110812481,3.383385878,1.909790564,-3.408278759,4.689960338,3.475399258,1.754536976,1.184058679,-1.997854658,3.54290841,1.628557644,0.783082192,-1.461315515,3.947112869,1.216429201,4.463308209,-4.550806462
S1,1756553248,1,3.383385878,1.909790564,-3.408278759,4.689960338,3.475399258,1.754536976,1.184058679,-1.997854658,3.54290841,1.628557644,0.783082192,-1.461315515,3.947112869,1.216429201,4.463308209,-4.550806462,5.235456045,0.781024968,13.8788868,-4.690463047
S1,1756553249,1,3.475399258,1.754536976,1.184058679,-1.997854658,3.54290841,1.628557644,0.783082192,-1.461315515,3.947112869,1.216429201,4.463308209,-4.550806462,5.235456045,0.781024968,13.8788868,-4.690463047,5.48292805,0.75,3.709708825,-0.465077236
S1,1756553250,0,3.54290841,1.628557644,0.783082192,-1.461315515,3.947112869,1.216429201,4.463308209,-4.550806462,5.235456045,0.781024968,13.8788868,-4.690463047,5.48292805,0.75,3.709708825,-0.465077236,5.569245909,0.78517514,1.081643375,0.440777343
S1,1756553252,0,3.947112869,1.216429201,4.463308209,-4.550806462,5.235456045,0.781024968,13.8788868,-4.690463047,5.48292805,0.75,3.709708825,-0.465077236,5.569245909,0.78517514,1.081643375,0.440777343,5.113003031,0.585491247,-6.889006469,-3.015112557
S1,1756553253,1,5.235456045,0.781024968,13.8788868,-4.690463047,5.48292805,0.75,3.709708825,-0.465077236,5.569245909,0.78517514,1.081643375,0.440777343,5.113003031,0.585491247,-6.889006469,-3.015112557,4.19305378,0.825651258,-10.13034426,2.644606307
S1,1756553254,1,5.48292805,0.75,3.709708825,-0.465077236,5.569245909,0.78517514,1.081643375,0.440777343,5.113003031,0.585491247,-6.889006469,-3.015112557,4.19305378,0.825651258,-10.13034426,2.644606307,4.399568161,0.675425792,2.588568174,-1.883011051
S1,1756553255,1,5.569245909,0.78517514,1.081643375,0.440777343,5.113003031,0.585491247,-6.889006469,-3.015112557,4.19305378,0.825651258,-10.13034426,2.644606307,4.399568161,0.675425792,2.588568174,-1.883011051,5.383270381,0.616116872,12.37068822,-0.745847816
S1,1756553256,1,5.113003031,0.585491247,-6.889006469,-3.015112557,4.19305378,0.825651258,-10.13034426,2.644606307,4.399568161,0.675425792,2.588568174,-1.883011051,5.383270381,0.616116872,12.37068822,-0.745847816,4.657005476,0.76661594,-8.650959331,1.79268103
S1,1756553257,1,4.19305378,0.825651258,-10.13034426,2.644606307,4.399568161,0.675425792,2.588568174,-1.883011051,5.383270381,0.616116872,12.37068822,-0.745847816,4.657005476,0.76661594,-8.650959331,1.79268103,4.767903103,0.657951366,1.231198996,-1.206407368
S1,1756553258,1,4.399568161,0.675425792,2.588568174,-1.883011051,5.383270381,0.616116872,12.37068822,-0.745847816,4.657005476,0.76661594,-8.650959331,1.79268103,4.767903103,0.657951366,1.231198996,-1.206407368,4.894486694,0.596657356,1.336032751,-0.646930653
S1,1756553259,1,5.383270381,0.616116872,12.37068822,-0.745847816,4.657005476,0.76661594,-8.650959331,1.79268103,4.767903103,0.657951366,1.231198996,-1.206407368,4.894486694,0.596657356,1.336032751,-0.646930653,5.594729663,0.633245608,8.995834101,0.470039491
S1,1756553260,1,4.657005476,0.76661594,-8.650959331,1.79268103,4.767903103,0.657951366,1.231198996,-1.206407368,4.894486694,0.596657356,1.336032751,-0.646930653,5.594729663,0.633245608,8.995834101,0.470039491,5.996082054,1.026157883,5.415976901,5.30208328
S1,1756553261,0,4.767903103,0.657951366,1.231198996,-1.206407368,4.894486694,0.596657356,1.336032751,-0.646930653,5.594729663,0.633245608,8.995834101,0.470039491,5.996082054,1.026157883,5.415976901,5.30208328,6.019053082,1.062544117,0.342577318,0.542644359
S1,1756553262,0,4.894486694,0.596657356,1.336032751,-0.646930653,5.594729663,0.633245608,8.995834101,0.470039491,5.996082054,1.026157883,5.415976901,5.30208328,6.019053082,1.062544117,0.342577318,0.542644359,5.974052226,0.994635612,-0.489745092,-0.739049438
S1,1756553263,0,5.594729663,0.633245608,8.995834101,0.470039491,5.996082054,1.026157883,5.415976901,5.30208328,6.019053082,1.062544117,0.342577318,0.542644359,5.974052226,0.994635612,-0.489745092,-0.739049438,6.002682734,1.064048871,0.339369029,0.822783544
S1,1756553264,0,5.996082054,1.026157883,5.415976901,5.30208328,6.019053082,1.062544117,0.342577318,0.542644359,5.974052226,0.994635612,-0.489745092,-0.739049438,6.002682734,1.064048871,0.339369029,0.822783544,5.603588136,0.707248188,-5.85236978,-5.232166875
S1,1756553265,0,6.019053082,1.062544117,0.342577318,0.542644359,5.974052226,0.994635612,-0.489745092,-0.739049438,6.002682734,1.064048871,0.339369029,0.822783544,5.603588136,0.707248188,-5.85236978,-5.232166875,5.392031157,0.523450093,-3.165907718,-2.750501596
S1,1756553266,1,5.974052226,0.994635612,-0.489745092,-0.739049438,6.002682734,1.064048871,0.339369029,0.822783544,5.603588136,0.707248188,-5.85236978,-5.232166875,5.392031157,0.523450093,-3.165907718,-2.750501596,4.66618688,0.687968023,-8.394625174,1.902703369
S1,1756553267,1,6.002682734,1.064048871,0.339369029,0.822783544,5.603588136,0.707248188,-5.85236978,-5.232166875,5.392031157,0.523450093,-3.165907718,-2.750501596,4.66618688,0.687968023,-8.394625174,1.902703369,4.359736231,1.143372205,-3.725687211,5.536596325
S1,1756553268,0,5.603588136,0.707248188,-5.85236978,-5.232166875,5.392031157,0.523450093,-3.165907718,-2.750501596,4.66618688,0.687968023,-8.394625174,1.902703369,4.359736231,1.143372205,-3.725687211,5.536596325,4.616373035,0.900499861,2.905234911,-2.749415518
S1,1756553269,1,5.392031157,0.523450093,-3.165907718,-2.750501596,4.66618688,0.687968023,-8.394625174,1.902703369,4.359736231,1.143372205,-3.725687211,5.536596325,4.616373035,0.900499861,2.905234911,-2.749415518,5.592897281,0.616846821,14.46981234,-4.203076662
S1,1756553270,1,4.66618688,0.687968023,-8.394625174,1.902703369,4.359736231,1.143372205,-3.725687211,5.536596325,4.616373035,0.900499861,2.905234911,-2.749415518,5.592897281,0.616846821,14.46981234,-4.203076662,5.983686155,1.002247474,5.32762787,5.254170229
S1,1756553271,0,4.359736231,1.143372205,-3.725687211,5.536596325,4.616373035,0.900499861,2.905234911,-2.749415518,5.592897281,0.616846821,14.46981234,-4.203076662,5.983686155,1.002247474,5.32762787,5.254170229,6.18190909,1.271219887,2.589876241,3.514251559
S1,1756553272,0,4.616373035,0.900499861,2.905234911,-2.749415518,5.592897281,0.616846821,14.46981234,-4.203076662,5.983686155,1.002247474,5.32762787,5.254170229,6.18190909,1.271219887,2.589876241,3.514251559,5.931424787,0.939042065,-3.464915147,-4.594970418
S1,1756553273,0,5.592897281,0.616846821,14.46981234,-4.203076662,5.983686155,1.002247474,5.32762787,5.254170229,6.18190909,1.271219887,2.589876241,3.514251559,5.931424787,0.939042065,-3.464915147,-4.594970418,5.693873901,0.721248917,-3.624223421,-3.322787143
S1,1756553274,0,5.983686155,1.002247474,5.32762787,5.254170229,6.18190909,1.271219887,2.589876241,3.514251559,5.931424787,0.939042065,-3.464915147,-4.594970418,5.693873901,0.721248917,-3.624223421,-3.322787143,5.428683082,0.60876925,-2.864248781,-1.21486011
S1,1756553275,1,6.18190909,1.271219887,2.589876241,3.514251559,5.931424787,0.939042065,-3.464915147,-4.594970418,5.693873901,0.721248917,-3.624223421,-3.322787143,5.428683082,0.60876925,-2.864248781,-1.21486011,4.666229741,0.934719209,-8.577876679,3.667055287
S1,1756553276,1,5.931424787,0.939042065,-3.464915147,-4.594970418,5.693873901,0.721248917,-3.624223421,-3.322787143,5.428683082,0.60876925,-2.864248781,-1.21486011,4.666229741,0.934719209,-8.577876679,3.667055287,4.09294515,1.628557644,-6.173534251,7.471743364
S1,1756553278,0,5.693873901,0.721248917,-3.624223421,-3.322787143,5.428683082,0.60876925,-2.864248781,-1.21486011,4.666229741,0.934719209,-8.577876679,3.667055287,4.09294515,1.628557644,-6.173534251,7.471743364,3.772002121,1.740114939,-4.754636304,1.65267451
S1,1756553279,0,5.428683082,0.60876925,-2.864248781,-1.21486011,4.666229741,0.934719209,-8.577876679,3.667055287,4.09294515,1.628557644,-6.173534251,7.471743364,3.772002121,1.740114939,-4.754636304,1.65267451,3.980276372,1.530555455,2.716293822,-2.733055709
S1,1756553280,0,4.666229741,0.934719209,-8.577876679,3.667055287,4.09294515,1.628557644,-6.173534251,7.471743364,3.772002121,1.740114939,-4.754636304,1.65267451,3.980276372,1.530555455,2.716293822,-2.733055709,4.504719747,0.890224691,7.600733042,-9.280283496
S1,1756553281,1,4.09294515,1.628557644,-6.173534251,7.471743364,3.772002121,1.740114939,-4.754636304,1.65267451,3.980276372,1.530555455,2.716293822,-2.733055709,4.504719747,0.890224691,7.600733042,-9.280283496,5.356491389,0.540370243,9.053468499,-3.718597876
S1,1756553282,1,3.772002121,1.740114939,-4.754636304,1.65267451,3.980276372,1.530555455,2.716293822,-2.733055709,4.504719747,0.890224691,7.600733042,-9.280283496,5.356491389,0.540370243,9.053468499,-3.718597876,5.292419107,0.331209903,-0.688700806,-2.248224811
S1,1756553283,0,3.980276372,1.530555455,2.716293822,-2.733055709,4.504719747,0.890224691,7.600733042,-9.280283496,5.356491389,0.540370243,9.053468499,-3.718597876,5.292419107,0.331209903,-0.688700806,-2.248224811,5.438841788,0.530094331,1.595437268,2.167066089
S1,1756553284,0,4.504719747,0.890224691,7.600733042,-9.280283496,5.356491389,0.540370243,9.053468499,-3.718597876,5.292419107,0.331209903,-0.688700806,-2.248224811,5.438841788,0.530094331,1.595437268,2.167066089,5.796291918,0.834865259,4.024012509,3.430973785
S1,1756553285,0,5.356491389,0.540370243,9.053468499,-3.718597876,5.292419107,0.331209903,-0.688700806,-2.248224811,5.438841788,0.530094331,1.595437268,2.167066089,5.796291918,0.834865259,4.024012509,3.430973785,5.826731502,0.866487161,0.371096755,0.385510697
S1,1756553286,0,5.292419107,0.331209903,-0.688700806,-2.248224811,5.438841788,0.530094331,1.595437268,2.167066089,5.796291918,0.834865259,4.024012509,3.430973785,5.826731502,0.866487161,0.371096755,0.385510697,5.695059262,0.73054774,-1.612109953,-1.664354565
S1,1756553287,0,5.438841788,0.530094331,1.595437268,2.167066089,5.796291918,0.834865259,4.024012509,3.430973785,5.826731502,0.866487161,0.371096755,0.385510697,5.695059262,0.73054774,-1.612109953,-1.664354565,5.593612428,0.69892775,-1.077255941,-0.335770179
S1,1756553288,0,5.796291918,0.834865259,4.024012509,3.430973785,5.826731502,0.866487161,0.371096755,0.385510697,5.695059262,0.73054774,-1.612109953,-1.664354565,5.593612428,0.69892775,-1.077255941,-0.335770179,5.491812087,0.6,-1.22114409,-1.186685976
S1,1756553289,0,5.826731502,0.866487161,0.371096755,0.385510697,5.695059262,0.73054774,-1.612109953,-1.664354565,5.593612428,0.69892775,-1.077255941,-0.335770179,5.491812087,0.6,-1.22114409,-1.186685976,5.295592507,0.585918083,-2.245744079,-0.161168328
S1,1756553290,1,5.695059262,0.73054774,-1.612109953,-1.664354565,5.593612428,0.69892775,-1.077255941,-0.335770179,5.491812087,0.6,-1.22114409,-1.186685976,5.295592507,0.585918083,-2.245744079,-0.161168328,4.059667474,0.990403958,-16.04826172,5.252175506
S1,1756553291,1,5.593612428,0.69892775,-1.077255941,-0.335770179,5.491812087,0.6,-1.22114409,-1.186685976,5.295592507,0.585918083,-2.245744079,-0.161168328,4.059667474,0.990403958,-16.04826172,5.252175506,3.877692613,1.198540779,-1.936367273,2.214752779
S1,1756553292,0,5.491812087,0.6,-1.22114409,-1.186685976,5.295592507,0.585918083,-2.245744079,-0.161168328,4.059667474,0.990403958,-16.04826172,5.252175506,3.877692613,1.198540779,-1.936367273,2.214752779,4.406222872,0.784091831,6.502358528,-5.098848371
S1,1756553293,1,5.295592507,0.585918083,-2.245744079,-0.161168328,4.059667474,0.990403958,-16.04826172,5.252175506,3.877692613,1.198540779,-1.936367273,2.214752779,4.406222872,0.784091831,6.502358528,-5.098848371,5.422361109,0.449444101,13.03600866,-4.293186253
S1,1756553294,1,4.059667474,0.990403958,-16.04826172,5.252175506,3.877692613,1.198540779,-1.936367273,2.214752779,4.406222872,0.784091831,6.502358528,-5.098848371,5.422361109,0.449444101,13.03600866,-4.293186253,5.269724851,0.412310563,-1.722554468,-0.419065189
S1,1756553295,0,3.877692613,1.198540779,-1.936367273,2.214752779,4.406222872,0.784091831,6.502358528,-5.098848371,5.422361109,0.449444101,13.03600866,-4.293186253,5.269724851,0.412310563,-1.722554468,-0.419065189,5.341479196,0.481040539,1.058885234,1.014254351
S1,1756553296,1,4.406222872,0.784091831,6.502358528,-5.098848371,5.422361109,0.449444101,13.03600866,-4.293186253,5.269724851,0.412310563,-1.722554468,-0.419065189,5.341479196,0.481040539,1.058885234,1.014254351,4.543566881,0.493963561,-11.62536496,0.188284917
S1,1756553297,1,5.422361109,0.449444101,13.03600866,-4.293186253,5.269724851,0.412310563,-1.722554468,-0.419065189,5.341479196,0.481040539,1.058885234,1.014254351,4.543566881,0.493963561,-11.62536496,0.188284917,3.625162065,1.562625995,-11.76635406,13.69141401
S1,1756553298,0,5.269724851,0.412310563,-1.722554468,-0.419065189,5.341479196,0.481040539,1.058885234,1.014254351,4.543566881,0.493963561,-11.62536496,0.188284917,3.625162065,1.562625995,-11.76635406,13.69141401,3.323808057,2.1558525,-3.833488989,7.546364777
S1,1756553299,0,5.341479196,0.481040539,1.058885234,1.014254351,4.543566881,0.493963561,-11.62536496,0.188284917,3.625162065,1.562625995,-11.76635406,13.69141401,3.323808057,2.1558525,-3.833488989,7.546364777,2.883210017,2.369155968,-5.501021389,2.66316877
S1,1756553300,0,4.543566881,0.493963561,-11.62536496,0.188284917,3.625162065,1.562625995,-11.76635406,13.69141401,3.323808057,2.1558525,-3.833488989,7.546364777,2.883210017,2.369155968,-5.501021389,2.66316877,2.314584196,3.187051929,-6.285567784,9.040990258
S1,1756553301,0,3.625162065,1.562625995,-11.76635406,13.69141401,3.323808057,2.1558525,-3.833488989,7.546364777,2.883210017,2.369155968,-5.501021389,2.66316877,2.314584196,3.187051929,-6.285567784,9.040990258,2.26296266,4.002624139,-0.67344021,10.63972835
S1,1756553302,0,3.323808057,2.1558525,-3.833488989,7.546364777,2.883210017,2.369155968,-5.501021389,2.66316877,2.314584196,3.187051929,-6.285567784,9.040990258,2.26296266,4.002624139,-0.67344021,10.63972835,2.110094785,4.117341375,-1.832429297,1.375117066
S1,1756553304,0,2.883210017,2.369155968,-5.501021389,2.66316877,2.314584196,3.187051929,-6.285567784,9.040990258,2.26296266,4.002624139,-0.67344021,10.63972835,2.110094785,4.117341375,-1.832429297,1.375117066,1.478005413,4.276037886,-7.249688896,1.820154524
S1,1756553305,0,2.314584196,3.187051929,-6.285567784,9.040990258,2.26296266,4.002624139,-0.67344021,10.63972835,2.110094785,4.117341375,-1.832429297,1.375117066,1.478005413,4.276037886,-7.249688896,1.820154524,1.257179383,4.613079232,-2.652396352,4.048287409
S1,1756553306,0,2.26296266,4.002624139,-0.67344021,10.63972835,2.110094785,4.117341375,-1.832429297,1.375117066,1.478005413,4.276037886,-7.249688896,1.820154524,1.257179383,4.613079232,-2.652396352,4.048287409,0.845340168,4.670610239,-4.443075426,0.620666009
S1,1756553307,0,2.110094785,4.117341375,-1.832429297,1.375117066,1.478005413,4.276037886,-7.249688896,1.820154524,1.257179383,4.613079232,-2.652396352,4.048287409,0.845340168,4.670610239,-4.443075426,0.620666009,0.560892146,4.920833263,-3.485721768,3.066317133
S1,1756553308,1,1.478005413,4.276037886,-7.249688896,1.820154524,1.257179383,4.613079232,-2.652396352,4.048287409,0.845340168,4.670610239,-4.443075426,0.620666009,0.560892146,4.920833263,-3.485721768,3.066317133,0.765375725,5.280700711,2.540202318,4.470462295
S1,1756553309,1,1.257179383,4.613079232,-2.652396352,4.048287409,0.845340168,4.670610239,-4.443075426,0.620666009,0.560892146,4.920833263,-3.485721768,3.066317133,0.765375725,5.280700711,2.540202318,4.470462295,0.681542368,5.211957406,-1.031229893,-0.845607936
S1,1756553310,1,0.845340168,4.670610239,-4.443075426,0.620666009,0.560892146,4.920833263,-3.485721768,3.066317133,0.765375725,5.280700711,2.540202318,4.470462295,0.681542368,5.211957406,-1.031229893,-0.845607936,0.637024332,4.594104918,-0.630126304,-8.745334211
S1,1756553311,1,0.560892146,4.920833263,-3.485721768,3.066317133,0.765375725,5.280700711,2.540202318,4.470462295,0.681542368,5.211957406,-1.031229893,-0.845607936,0.637024332,4.594104918,-0.630126304,-8.745334211,1.070700705,4.510698394,6.777820797,-1.303539947
S1,1756553312,0,0.765375725,5.280700711,2.540202318,4.470462295,0.681542368,5.211957406,-1.031229893,-0.845607936,0.637024332,4.594104918,-0.630126304,-8.745334211,1.070700705,4.510698394,6.777820797,-1.303539947,1.159482643,3.891580656,1.33880212,-9.336089729
S1,1756553313,0,0.681542368,5.211957406,-1.031229893,-0.845607936,0.637024332,4.594104918,-0.630126304,-8.745334211,1.070700705,4.510698394,6.777820797,-1.303539947,1.159482643,3.891580656,1.33880212,-9.336089729,1.417180299,3.606715958,3.335500631,-3.687136295
S1,1756553314,0,0.637024332,4.594104918,-0.630126304,-8.745334211,1.070700705,4.510698394,6.777820797,-1.303539947,1.159482643,3.891580656,1.33880212,-9.336089729,1.417180299,3.606715958,3.335500631,-3.687136295,1.048093507,3.999812496,-5.610913321,5.975913118
S1,1756553315,0,1.070700705,4.510698394,6.777820797,-1.303539947,1.159482643,3.891580656,1.33880212,-9.336089729,1.417180299,3.606715958,3.335500631,-3.687136295,1.048093507,3.999812496,-5.610913321,5.975913118,0.658634952,4.704657267,-4.711030932,8.526056175
S1,1756553316,1,1.159482643,3.891580656,1.33880212,-9.336089729,1.417180299,3.606715958,3.335500631,-3.687136295,1.048093507,3.999812496,-5.610913321,5.975913118,0.658634952,4.704657267,-4.711030932,8.526056175,0.445533388,5.089056887,-3.130528139,5.646949772
S1,1756553317,1,1.417180299,3.606715958,3.335500631,-3.687136295,1.048093507,3.999812496,-5.610913321,5.975913118,0.658634952,4.704657267,-4.711030932,8.526056175,0.445533388,5.089056887,-3.130528139,5.646949772,0.609015599,5.326434079,2.020717443,2.934094357
S1,1756553318,1,1.048093507,3.999812496,-5.610913321,5.975913118,0.658634952,4.704657267,-4.711030932,8.526056175,0.445533388,5.089056887,-3.130528139,5.646949772,0.609015599,5.326434079,2.020717443,2.934094357,0.631268564,5.431252158,0.274072605,1.290963426
S1,1756553319,0,0.658634952,4.704657267,-4.711030932,8.526056175,0.445533388,5.089056887,-3.130528139,5.646949772,0.609015599,5.326434079,2.020717443,2.934094357,0.631268564,5.431252158,0.274072605,1.290963426,0.650691939,5.071824129,0.207658491,-3.842703992
S1,1756553320,1,0.445533388,5.089056887,-3.130528139,5.646949772,0.609015599,5.326434079,2.020717443,2.934094357,0.631268564,5.431252158,0.274072605,1.290963426,0.650691939,5.071824129,0.207658491,-3.842703992,0.822009732,4.558036858,2.092654334,-6.275933994
S1,1756553321,0,0.609015599,5.326434079,2.020717443,2.934094357,0.631268564,5.431252158,0.274072605,1.290963426,0.650691939,5.071824129,0.207658491,-3.842703992,0.822009732,4.558036858,2.092654334,-6.275933994,1.256741819,4.591230772,5.433265686,0.414856316
S1,1756553322,0,0.631268564,5.431252158,0.274072605,1.290963426,0.650691939,5.071824129,0.207658491,-3.842703992,0.822009732,4.558036858,2.092654334,-6.275933994,1.256741819,4.591230772,5.433265686,0.414856316,1.047520883,4.036991454,-2.393454642,-6.340410723
S1,1756553323,0,0.650691939,5.071824129,0.207658491,-3.842703992,0.822009732,4.558036858,2.092654334,-6.275933994,1.256741819,4.591230772,5.433265686,0.414856316,1.047520883,4.036991454,-2.393454642,-6.340410723,0.98762341,4.058990022,-0.646124869,0.237302532
S1,1756553324,0,0.822009732,4.558036858,2.092654334,-6.275933994,1.256741819,4.591230772,5.433265686,0.414856316,1.047520883,4.036991454,-2.393454642,-6.340410723,0.98762341,4.058990022,-0.646124869,0.237302532,0.970154627,4.851927452,-0.213924593,9.710396857
S1,1756553325,1,1.256741819,4.591230772,5.433265686,0.414856316,1.047520883,4.036991454,-2.393454642,-6.340410723,0.98762341,4.058990022,-0.646124869,0.237302532,0.970154627,4.851927452,-0.213924593,9.710396857,0.872811549,5.14410342,-1.1708448,3.514299328
S1,1756553326,1,1.047520883,4.036991454,-2.393454642,-6.340410723,0.98762341,4.058990022,-0.646124869,0.237302532,0.970154627,4.851927452,-0.213924593,9.710396857,0.872811549,5.14410342,-1.1708448,3.514299328,0.690796642,5.298792315,-2.30778209,1.961313312
S1,1756553327,0,0.98762341,4.058990022,-0.646124869,0.237302532,0.970154627,4.851927452,-0.213924593,9.710396857,0.872811549,5.14410342,-1.1708448,3.514299328,0.690796642,5.298792315,-2.30778209,1.961313312,0.760065787,5.447724296,0.871917087,1.874663507
S1,1756553328,0,0.970154627,4.851927452,-0.213924593,9.710396857,0.872811549,5.14410342,-1.1708448,3.514299328,0.690796642,5.298792315,-2.30778209,1.961313312,0.760065787,5.447724296,0.871917087,1.874663507,0.7119691,5.385805418,-0.560644216,-0.721764083
S1,1756553330,0,0.872811549,5.14410342,-1.1708448,3.514299328,0.690796642,5.298792315,-2.30778209,1.961313312,0.760065787,5.447724296,0.871917087,1.874663507,0.7119691,5.385805418,-0.560644216,-0.721764083,0.834505842,5.612165358,1.373774041,2.537748316
S1,1756553331,0,0.690796642,5.298792315,-2.30778209,1.961313312,0.760065787,5.447724296,0.871917087,1.874663507,0.7119691,5.385805418,-0.560644216,-0.721764083,0.834505842,5.612165358,1.373774041,2.537748316,1.13,5.126099882,3.423603313,-5.631567752
S1,1756553332,0,0.760065787,5.447724296,0.871917087,1.874663507,0.7119691,5.385805418,-0.560644216,-0.721764083,0.834505842,5.612165358,1.373774041,2.537748316,1.13,5.126099882,3.423603313,-5.631567752,1.009554357,5.623095233,-1.431157286,5.905390191
S1,1756553333,0,0.7119691,5.385805418,-0.560644216,-0.721764083,0.834505842,5.612165358,1.373774041,2.537748316,1.13,5.126099882,3.423603313,-5.631567752,1.009554357,5.623095233,-1.431157286,5.905390191,1.073545528,5.277546779,0.770104678,-4.15851873
S1,1756553334,0,0.834505842,5.612165358,1.373774041,2.537748316,1.13,5.126099882,3.423603313,-5.631567752,1.009554357,5.623095233,-1.431157286,5.905390191,1.073545528,5.277546779,0.770104678,-4.15851873,1.182581921,5.357098095,1.31849478,0.961954007
S1,1756553335,0,1.13,5.126099882,3.423603313,-5.631567752,1.009554357,5.623095233,-1.431157286,5.905390191,1.073545528,5.277546779,0.770104678,-4.15851873,1.182581921,5.357098095,1.31849478,0.961954007,0.887693641,5.402591971,-3.108033092,0.479491658
S1,1756553336,1,1.009554357,5.623095233,-1.431157286,5.905390191,1.073545528,5.277546779,0.770104678,-4.15851873,1.182581921,5.357098095,1.31849478,0.961954007,0.887693641,5.402591971,-3.108033092,0.479491658,0.772334125,4.999649988,-1.420352086,-4.961181394
S1,1756553337,1,1.073545528,5.277546779,0.770104678,-4.15851873,1.182581921,5.357098095,1.31849478,0.961954007,0.887693641,5.402591971,-3.108033092,0.479491658,0.772334125,4.999649988,-1.420352086,-4.961181394,0.940212742,4.699361659,2.349933107,-4.203379186
S1,1756553338,0,1.182581921,5.357098095,1.31849478,0.961954007,0.887693641,5.402591971,-3.108033092,0.479491658,0.772334125,4.999649988,-1.420352086,-4.961181394,0.940212742,4.699361659,2.349933107,-4.203379186,1.086692229,3.959911615,1.847524516,-9.326576119
S1,1756553339,0,0.887693641,5.402591971,-3.108033092,0.479491658,0.772334125,4.999649988,-1.420352086,-4.961181394,0.940212742,4.699361659,2.349933107,-4.203379186,1.086692229,3.959911615,1.847524516,-9.326576119,1.235556555,3.798236433,1.836213123,-1.994232597
S1,1756553340,0,0.772334125,4.999649988,-1.420352086,-4.961181394,0.940212742,4.699361659,2.349933107,-4.203379186,1.086692229,3.959911615,1.847524516,-9.326576119,1.235556555,3.798236433,1.836213123,-1.994232597,1.073545528,4.642467017,-1.802229699,9.391320195
S1,1756553341,0,0.940212742,4.699361659,2.349933107,-4.203379186,1.086692229,3.959911615,1.847524516,-9.326576119,1.235556555,3.798236433,1.836213123,-1.994232597,1.073545528,4.642467017,-1.802229699,9.391320195,1.209297317,4.434230486,1.707596138,-2.61936803
S1,1756553342,0,1.086692229,3.959911615,1.847524516,-9.326576119,1.235556555,3.798236433,1.836213123,-1.994232597,1.073545528,4.642467017,-1.802229699,9.391320195,1.209297317,4.434230486,1.707596138,-2.61936803,1.578353573,3.44836193,4.399477413,-11.75242629
S1,1756553343,0,1.235556555,3.798236433,1.836213123,-1.994232597,1.073545528,4.642467017,-1.802229699,9.391320195,1.209297317,4.434230486,1.707596138,-2.61936803,1.578353573,3.44836193,4.399477413,-11.75242629,1.564001279,4.24807015,-0.189744854,10.57256226
S1,1756553344,0,1.073545528,4.642467017,-1.802229699,9.391320195,1.209297317,4.434230486,1.707596138,-2.61936803,1.578353573,3.44836193,4.399477413,-11.75242629,1.564001279,4.24807015,-0.189744854,10.57256226,1.187939392,4.243960415,-4.465969416,-0.048805673
S1,1756553345,0,1.209297317,4.434230486,1.707596138,-2.61936803,1.578353573,3.44836193,4.399477413,-11.75242629,1.564001279,4.24807015,-0.189744854,10.57256226,1.187939392,4.243960415,-4.465969416,-0.048805673,0.746860094,4.717817292,-5.192967581,5.578868497
S1,1756553346,1,1.578353573,3.44836193,4.399477413,-11.75242629,1.564001279,4.24807015,-0.189744854,10.57256226,1.187939392,4.243960415,-4.465969416,-0.048805673,0.746860094,4.717817292,-5.192967581,5.578868497,0.956033472,5.339850185,2.494276275,7.417396521
S1,1756553347,1,1.564001279,4.24807015,-0.189744854,10.57256226,1.187939392,4.243960415,-4.465969416,-0.048805673,0.746860094,4.717817292,-5.192967581,5.578868497,0.956033472,5.339850185,2.494276275,7.417396521,0.976524449,5.617259118,0.304755746,4.125814311
S1,1756553348,0,1.187939392,4.243960415,-4.465969416,-0.048805673,0.746860094,4.717817292,-5.192967581,5.578868497,0.956033472,5.339850185,2.494276275,7.417396521,0.976524449,5.617259118,0.304755746,4.125814311,1.152475596,5.676988638,2.207727722,0.749449605
S1,1756553349,1,0.746860094,4.717817292,-5.192967581,5.578868497,0.956033472,5.339850185,2.494276275,7.417396521,0.976524449,5.617259118,0.304755746,4.125814311,1.152475596,5.676988638,2.207727722,0.749449605,0.763216876,4.988236161,-4.646145329,-8.220866839
S1,1756553350,1,0.956033472,5.339850185,2.494276275,7.417396521,0.976524449,5.617259118,0.304755746,4.125814311,1.152475596,5.676988638,2.207727722,0.749449605,0.763216876,4.988236161,-4.646145329,-8.220866839,0.850881895,4.639396512,0.989525281,-3.937552906
S1,1756553351,0,0.976524449,5.617259118,0.304755746,4.125814311,1.152475596,5.676988638,2.207727722,0.749449605,0.763216876,4.988236161,-4.646145329,-8.220866839,0.850881895,4.639396512,0.989525281,-3.937552906,1.030048543,4.467773495,1.954183692,-1.871904777
S1,1756553352,0,1.152475596,5.676988638,2.207727722,0.749449605,0.763216876,4.988236161,-4.646145329,-8.220866839,0.850881895,4.639396512,0.989525281,-3.937552906,1.030048543,4.467773495,1.954183692,-1.871904777,1.100045454,3.90001282,0.933131372,-7.568838234
S1,1756553353,0,0.763216876,4.988236161,-4.646145329,-8.220866839,0.850881895,4.639396512,0.989525281,-3.937552906,1.030048543,4.467773495,1.954183692,-1.871904777,1.100045454,3.90001282,0.933131372,-7.568838234,0.909065454,4.338939963,-2.83389293,6.513103617
S1,1756553354,0,0.850881895,4.639396512,0.989525281,-3.937552906,1.030048543,4.467773495,1.954183692,-1.871904777,1.100045454,3.90001282,0.933131372,-7.568838234,0.909065454,4.338939963,-2.83389293,6.513103617,0.734982993,4.86211888,-1.857507863,5.582463307
S1,1756553356,1,1.030048543,4.467773495,1.954183692,-1.871904777,1.100045454,3.90001282,0.933131372,-7.568838234,0.909065454,4.338939963,-2.83389293,6.513103617,0.734982993,4.86211888,-1.857507863,5.582463307,0.798122798,5.266592826,0.692316129,4.434981055
S1,1756553357,1,1.100045454,3.90001282,0.933131372,-7.568838234,0.909065454,4.338939963,-2.83389293,6.513103617,0.734982993,4.86211888,-1.857507863,5.582463307,0.798122798,5.266592826,0.692316129,4.434981055,0.839344983,5.366982392,0.448615936,1.092527212
S1,1756553358,0,0.909065454,4.338939963,-2.83389293,6.513103617,0.734982993,4.86211888,-1.857507863,5.582463307,0.798122798,5.266592826,0.692316129,4.434981055,0.839344983,5.366982392,0.448615936,1.092527212,0.743303437,5.296461083,-1.419326034,-1.042181595
S1,1756553359,0,0.734982993,4.86211888,-1.857507863,5.582463307,0.798122798,5.266592826,0.692316129,4.434981055,0.839344983,5.366982392,0.448615936,1.092527212,0.743303437,5.296461083,-1.419326034,-1.042181595,0.75,5.055937104,0.070940725,-2.548015512
S1,1756553360,1,0.798122798,5.266592826,0.692316129,4.434981055,0.839344983,5.366982392,0.448615936,1.092527212,0.743303437,5.296461083,-1.419326034,-1.042181595,0.75,5.055937104,0.070940725,-2.548015512,0.737563557,4.28298961,-0.159893524,-9.93767228
S1,1756553361,0,0.839344983,5.366982392,0.448615936,1.092527212,0.743303437,5.296461083,-1.419326034,-1.042181595,0.75,5.055937104,0.070940725,-2.548015512,0.737563557,4.28298961,-0.159893524,-9.93767228,0.957548954,4.051777388,2.746284359,-2.886439355
S1,1756553362,0,0.743303437,5.296461083,-1.419326034,-1.042181595,0.75,5.055937104,0.070940725,-2.548015512,0.737563557,4.28298961,-0.159893524,-9.93767228,0.957548954,4.051777388,2.746284359,-2.886439355,1.344804819,3.729410141,4.071441012,-3.389230095
S1,1756553363,0,0.75,5.055937104,0.070940725,-2.548015512,0.737563557,4.28298961,-0.159893524,-9.93767228,0.957548954,4.051777388,2.746284359,-2.886439355,1.344804819,3.729410141,4.071441012,-3.389230095,1.386109664,3.622333502,0.624484367,-1.618882403
S1,1756553364,0,0.737563557,4.28298961,-0.159893524,-9.93767228,0.957548954,4.051777388,2.746284359,-2.886439355,1.344804819,3.729410141,4.071441012,-3.389230095,1.386109664,3.622333502,0.624484367,-1.618882403,1.311030129,3.810354314,-0.933127861,2.336821339
S1,1756553365,0,0.957548954,4.051777388,2.746284359,-2.886439355,1.344804819,3.729410141,4.071441012,-3.389230095,1.386109664,3.622333502,0.624484367,-1.618882403,1.311030129,3.810354314,-0.933127861,2.336821339,0.982903861,4.355008611,-4.126596863,6.849706739
S1,1756553366,0,1.344804819,3.729410141,4.071441012,-3.389230095,1.386109664,3.622333502,0.624484367,-1.618882403,1.311030129,3.810354314,-0.933127861,2.336821339,0.982903861,4.355008611,-4.126596863,6.849706739,0.765506368,4.7943717,-3.219129026,6.505900582
S1,1756553367,1,1.386109664,3.622333502,0.624484367,-1.618882403,1.311030129,3.810354314,-0.933127861,2.336821339,0.982903861,4.355008611,-4.126596863,6.849706739,0.765506368,4.7943717,-3.219129026,6.505900582,0.939414711,5.466488818,2.649494778,10.23970882
S1,1756553368,1,1.311030129,3.810354314,-0.933127861,2.336821339,0.982903861,4.355008611,-4.126596863,6.849706739,0.765506368,4.7943717,-3.219129026,6.505900582,0.939414711,5.466488818,2.649494778,10.23970882,1.120580207,5.688207099,2.318861729,2.837924707
S1,1756553369,0,0.982903861,4.355008611,-4.126596863,6.849706739,0.765506368,4.7943717,-3.219129026,6.505900582,0.939414711,5.466488818,2.649494778,10.23970882,1.120580207,5.688207099,2.318861729,2.837924707,1.212641744,5.862635926,1.147197546,2.173593097
S1,1756553370,0,0.765506368,4.7943717,-3.219129026,6.505900582,0.939414711,5.466488818,2.649494778,10.23970882,1.120580207,5.688207099,2.318861729,2.837924707,1.212641744,5.862635926,1.147197546,2.173593097,0.533666563,5.521304194,-8.89154447,-4.469922255
S1,1756553371,1,0.939414711,5.466488818,2.649494778,10.23970882,1.120580207,5.688207099,2.318861729,2.837924707,1.212641744,5.862635926,1.147197546,2.173593097,0.533666563,5.521304194,-8.89154447,-4.469922255,1.130176977,4.525185079,8.608935382,-14.37615317
S1,1756553372,1,1.120580207,5.688207099,2.318861729,2.837924707,1.212641744,5.862635926,1.147197546,2.173593097,0.533666563,5.521304194,-8.89154447,-4.469922255,1.130176977,4.525185079,8.608935382,-14.37615317,1.106797181,4.138236339,-0.279111656,-4.619454445
S1,1756553373,0,1.212641744,5.862635926,1.147197546,2.173593097,0.533666563,5.521304194,-8.89154447,-4.469922255,1.130176977,4.525185079,8.608935382,-14.37615317,1.106797181,4.138236339,-0.279111656,-4.619454445,1.445060552,3.740080213,4.14429716,-4.878084485
S1,1756553374,0,0.533666563,5.521304194,-8.89154447,-4.469922255,1.130176977,4.525185079,8.608935382,-14.37615317,1.106797181,4.138236339,-0.279111656,-4.619454445,1.445060552,3.740080213,4.14429716,-4.878084485,1.424675402,3.732251331,-0.258787321,-0.099386821
S1,1756553375,0,1.130176977,4.525185079,8.608935382,-14.37615317,1.106797181,4.138236339,-0.279111656,-4.619454445,1.445060552,3.740080213,4.14429716,-4.878084485,1.424675402,3.732251331,-0.258787321,-0.099386821,1.442497834,3.644283194,0.27309216,-1.347931001
S1,1756553376,0,1.106797181,4.138236339,-0.279111656,-4.619454445,1.445060552,3.740080213,4.14429716,-4.878084485,1.424675402,3.732251331,-0.258787321,-0.099386821,1.442497834,3.644283194,0.27309216,-1.347931001,1.389244399,3.863935817,-0.663272797,2.735778651
S1,1756553377,0,1.445060552,3.740080213,4.14429716,-4.878084485,1.424675402,3.732251331,-0.258787321,-0.099386821,1.442497834,3.644283194,0.27309216,-1.347931001,1.389244399,3.863935817,-0.663272797,2.735778651,1.152085066,4.126414909,-2.9133632,3.224401577
S1,1756553378,0,1.424675402,3.732251331,-0.258787321,-0.099386821,1.442497834,3.644283194,0.27309216,-1.347931001,1.389244399,3.863935817,-0.663272797,2.735778651,1.152085066,4.126414909,-2.9133632,3.224401577,1.053612832,4.313942512,-1.218254792,2.320008311
S1,1756553379,0,1.442497834,3.644283194,0.27309216,-1.347931001,1.389244399,3.863935817,-0.663272797,2.735778651,1.152085066,4.126414909,-2.9133632,3.224401577,1.053612832,4.313942512,-1.218254792,2.320008311,0.836480723,4.669014885,-2.564579469,4.193812338
S1,1756553380,0,1.389244399,3.863935817,-0.663272797,2.735778651,1.152085066,4.126414909,-2.9133632,3.224401577,1.053612832,4.313942512,-1.218254792,2.320008311,0.836480723,4.669014885,-2.564579469,4.193812338,0.737563557,4.893260672,-1.11061975,2.517781371
S1,1756553382,1,1.152085066,4.126414909,-2.9133632,3.224401577,1.053612832,4.313942512,-1.218254792,2.320008311,0.836480723,4.669014885,-2.564579469,4.193812338,0.737563557,4.893260672,-1.11061975,2.517781371,0.759605161,5.317612246,0.277333697,5.339311554
S1,1756553383,1,1.053612832,4.313942512,-1.218254792,2.320008311,0.836480723,4.669014885,-2.564579469,4.193812338,0.737563557,4.893260672,-1.11061975,2.517781371,0.759605161,5.317612246,0.277333697,5.339311554,0.773886297,5.375769712,0.190626514,0.776293641
S1,1756553384,1,0.836480723,4.669014885,-2.564579469,4.193812338,0.737563557,4.893260672,-1.11061975,2.517781371,0.759605161,5.317612246,0.277333697,5.339311554,0.773886297,5.375769712,0.190626514,0.776293641,1.272635062,5.746268354,7.166017882,5.323321239
S1,1756553385,0,0.737563557,4.893260672,-1.11061975,2.517781371,0.759605161,5.317612246,0.277333697,5.339311554,0.773886297,5.375769712,0.190626514,0.776293641,1.272635062,5.746268354,7.166017882,5.323321239,1.000049999,5.108825697,-3.604217417,-8.428495328
S1,1756553386,1,0.759605161,5.317612246,0.277333697,5.339311554,0.773886297,5.375769712,0.190626514,0.776293641,1.272635062,5.746268354,7.166017882,5.323321239,1.000049999,5.108825697,-3.604217417,-8.428495328,1.005783277,4.797040754,0.069325205,-3.770016867
S1,1756553387,0,0.773886297,5.375769712,0.190626514,0.776293641,1.272635062,5.746268354,7.166017882,5.323321239,1.000049999,5.108825697,-3.604217417,-8.428495328,1.005783277,4.797040754,0.069325205,-3.770016867,1.24595345,3.840885315,3.557919805,-14.16464138
S1,1756553388,0,1.272635062,5.746268354,7.166017882,5.323321239,1.000049999,5.108825697,-3.604217417,-8.428495328,1.005783277,4.797040754,0.069325205,-3.770016867,1.24595345,3.840885315,3.557919805,-14.16464138,1.562081944,3.512847848,4.693024579,-4.869816943
S1,1756553389,0,1.000049999,5.108825697,-3.604217417,-8.428495328,1.005783277,4.797040754,0.069325205,-3.770016867,1.24595345,3.840885315,3.557919805,-14.16464138,1.562081944,3.512847848,4.693024579,-4.869816943,2.084922061,2.974373884,5.466986417,-5.630459009
S1,1756553390,0,1.005783277,4.797040754,0.069325205,-3.770016867,1.24595345,3.840885315,3.557919805,-14.16464138,1.562081944,3.512847848,4.693024579,-4.869816943,2.084922061,2.974373884,5.466986417,-5.630459009,2.477357463,2.633875472,4.310417785,-3.739954151
S1,1756553391,0,1.24595345,3.840885315,3.557919805,-14.16464138,1.562081944,3.512847848,4.693024579,-4.869816943,2.084922061,2.974373884,5.466986417,-5.630459009,2.477357463,2.633875472,4.310417785,-3.739954151,2.792292965,2.509362469,3.268606069,-1.292277164
S1,1756553392,0,1.562081944,3.512847848,4.693024579,-4.869816943,2.084922061,2.974373884,5.466986417,-5.630459009,2.477357463,2.633875472,4.310417785,-3.739954151,2.792292965,2.509362469,3.268606069,-1.292277164,3.013917716,2.486704647,2.357450476,-0.241014116
S1,1756553393,0,2.084922061,2.974373884,5.466986417,-5.630459009,2.477357463,2.633875472,4.310417785,-3.739954151,2.792292965,2.509362469,3.268606069,-1.292277164,3.013917716,2.486704647,2.357450476,-0.241014116,3.210062305,2.237073982,2.346359725,-2.986181483
S1,1756553394,0,2.477357463,2.633875472,4.310417785,-3.739954151,2.792292965,2.509362469,3.268606069,-1.292277164,3.013917716,2.486704647,2.357450476,-0.241014116,3.210062305,2.237073982,2.346359725,-2.986181483,3.454041112,1.982523644,3.229762832,-3.369707516
S1,1756553395,0,2.792292965,2.509362469,3.268606069,-1.292277164,3.013917716,2.486704647,2.357450476,-0.241014116,3.210062305,2.237073982,2.346359725,-2.986181483,3.454041112,1.982523644,3.229762832,-3.369707516,3.729785517,1.792010045,3.193547113,-2.206442433
S1,1756553396,0,3.013917716,2.486704647,2.357450476,-0.241014116,3.210062305,2.237073982,2.346359725,-2.986181483,3.454041112,1.982523644,3.229762832,-3.369707516,3.729785517,1.792010045,3.193547113,-2.206442433,4.596281105,1.194068675,11.4339024,-7.89017665
S1,1756553397,1,3.210062305,2.237073982,2.346359725,-2.986181483,3.454041112,1.982523644,3.229762832,-3.369707516,3.729785517,1.792010045,3.193547113,-2.206442433,4.596281105,1.194068675,11.4339024,-7.89017665,5.374206918,0.939201789,9.615587624,-3.150293812
S1,1756553398,1,3.454041112,1.982523644,3.229762832,-3.369707516,3.729785517,1.792010045,3.193547113,-2.206442433,4.596281105,1.194068675,11.4339024,-7.89017665,5.374206918,0.939201789,9.615587624,-3.150293812,5.749130369,1.025914226,4.527335809,1.04708394
S1,1756553399,0,3.729785517,1.792010045,3.193547113,-2.206442433,4.596281105,1.194068675,11.4339024,-7.89017665,5.374206918,0.939201789,9.615587624,-3.150293812,5.749130369,1.025914226,4.527335809,1.04708394,5.881742939,1.181058847,1.510787129,1.767483248
S1,1756553400,1,4.596281105,1.194068675,11.4339024,-7.89017665,5.374206918,0.939201789,9.615587624,-3.150293812,5.749130369,1.025914226,4.527335809,1.04708394,5.881742939,1.181058847,1.510787129,1.767483248,4.988236161,0.763216876,-13.70081618,-6.407087418
S1,1756553401,1,5.374206918,0.939201789,9.615587624,-3.150293812,5.749130369,1.025914226,4.527335809,1.04708394,5.881742939,1.181058847,1.510787129,1.767483248,4.988236161,0.763216876,-13.70081618,-6.407087418,4.67051389,1.101680534,-4.021594762,4.284130514
S1,1756553402,0,5.749130369,1.025914226,4.527335809,1.04708394,5.881742939,1.181058847,1.510787129,1.767483248,4.988236161,0.763216876,-13.70081618,-6.407087418,4.67051389,1.101680534,-4.021594762,4.284130514,3.742298759,1.484856895,-10.77450472,4.447821816
S1,1756553403,0,5.881742939,1.181058847,1.510787129,1.767483248,4.988236161,0.763216876,-13.70081618,-6.407087418,4.67051389,1.101680534,-4.021594762,4.284130514,3.742298759,1.484856895,-10.77450472,4.447821816,3.666292405,1.530261416,-1.134905262,0.677967384
S1,1756553404,0,4.988236161,0.763216876,-13.70081618,-6.407087418,4.67051389,1.101680534,-4.021594762,4.284130514,3.742298759,1.484856895,-10.77450472,4.447821816,3.666292405,1.530261416,-1.134905262,0.677967384,3.62006906,1.550774,-0.678161209,0.300948347
S1,1756553405,0,4.67051389,1.101680534,-4.021594762,4.284130514,3.742298759,1.484856895,-10.77450472,4.447821816,3.666292405,1.530261416,-1.134905262,0.677967384,3.62006906,1.550774,-0.678161209,0.300948347,3.866497123,1.284445406,3.50305607,-3.785948688
S1,1756553406,0,3.742298759,1.484856895,-10.77450472,4.447821816,3.666292405,1.530261416,-1.134905262,0.677967384,3.62006906,1.550774,-0.678161209,0.300948347,3.866497123,1.284445406,3.50305607,-3.785948688,4.17269697,0.843445315,3.929527227,-5.659447186
S1,1756553408,1,3.666292405,1.530261416,-1.134905262,0.677967384,3.62006906,1.550774,-0.678161209,0.300948347,3.866497123,1.284445406,3.50305607,-3.785948688,4.17269697,0.843445315,3.929527227,-5.659447186,5.090392912,0.641950154,10.21535785,-2.242948983
S1,1756553409,1,3.62006906,1.550774,-0.678161209,0.300948347,3.866497123,1.284445406,3.50305607,-3.785948688,4.17269697,0.843445315,3.929527227,-5.659447186,5.090392912,0.641950154,10.21535785,-2.242948983,5.481943086,0.672086304,4.861018334,0.374134372
S1,1756553410,0,3.866497123,1.284445406,3.50305607,-3.785948688,4.17269697,0.843445315,3.929527227,-5.659447186,5.090392912,0.641950154,10.21535785,-2.242948983,5.481943086,0.672086304,4.861018334,0.374134372,5.563542037,0.808084154,1.14039127,1.900646503
S1,1756553411,0,4.17269697,0.843445315,3.929527227,-5.659447186,5.090392912,0.641950154,10.21535785,-2.242948983,5.481943086,0.672086304,4.861018334,0.374134372,5.563542037,0.808084154,1.14039127,1.900646503,5.688629009,0.812711511,1.314820403,0.048639304
S1,1756553412,1,5.090392912,0.641950154,10.21535785,-2.242948983,5.481943086,0.672086304,4.861018334,0.374134372,5.563542037,0.808084154,1.14039127,1.900646503,5.688629009,0.812711511,1.314820403,0.048639304,4.741782365,0.290688837,-10.40337264,-5.735666318
S1,1756553413,1,5.481943086,0.672086304,4.861018334,0.374134372,5.563542037,0.808084154,1.14039127,1.900646503,5.688629009,0.812711511,1.314820403,0.048639304,4.741782365,0.290688837,-10.40337264,-5.735666318,4.529944812,0.566038868,-2.547044769,3.310691824
S1,1756553414,0,5.563542037,0.808084154,1.14039127,1.900646503,5.688629009,0.812711511,1.314820403,0.048639304,4.741782365,0.290688837,-10.40337264,-5.735666318,4.529944812,0.566038868,-2.547044769,3.310691824,4.288507899,0.768960337,-2.999469244,2.520976176
S1,1756553415,0,5.688629009,0.812711511,1.314820403,0.048639304,4.741782365,0.290688837,-10.40337264,-5.735666318,4.529944812,0.566038868,-2.547044769,3.310691824,4.288507899,0.768960337,-2.999469244,2.520976176,4.014984433,1.01,-3.463984728,3.052599927
S1,1756553416,0,4.741782365,0.290688837,-10.40337264,-5.735666318,4.529944812,0.566038868,-2.547044769,3.310691824,4.288507899,0.768960337,-2.999469244,2.520976176,4.014984433,1.01,-3.463984728,3.052599927,3.793375805,1.220532671,-2.569096444,2.440693488
S1,1756553417,0,4.529944812,0.566038868,-2.547044769,3.310691824,4.288507899,0.768960337,-2.999469244,2.520976176,4.014984433,1.01,-3.463984728,3.052599927,3.793375805,1.220532671,-2.569096444,2.440693488,3.65494186,1.363304808,-1.831624266,1.889023037
S1,1756553418,0,4.288507899,0.768960337,-2.999469244,2.520976176,4.014984433,1.01,-3.463984728,3.052599927,3.793375805,1.220532671,-2.569096444,2.440693488,3.65494186,1.363304808,-1.831624266,1.889023037,3.432331569,1.66760307,-2.765422809,3.780208683
S1,1756553419,0,4.014984433,1.01,-3.463984728,3.052599927,3.793375805,1.220532671,-2.569096444,2.440693488,3.65494186,1.363304808,-1.831624266,1.889023037,3.432331569,1.66760307,-2.765422809,3.780208683,3.367328318,1.827265717,-0.812207377,1.994964512
S1,1756553420,0,3.793375805,1.220532671,-2.569096444,2.440693488,3.65494186,1.363304808,-1.831624266,1.889023037,3.432331569,1.66760307,-2.765422809,3.780208683,3.367328318,1.827265717,-0.812207377,1.994964512,3.555334021,1.562177967,2.294793693,-3.235655552
S1,1756553421,0,3.65494186,1.363304808,-1.831624266,1.889023037,3.432331569,1.66760307,-2.765422809,3.780208683,3.367328318,1.827265717,-0.812207377,1.994964512,3.555334021,1.562177967,2.294793693,-3.235655552,3.982084881,1.075639345,4.762789145,-5.430055529
S1,1756553422,0,3.432331569,1.66760307,-2.765422809,3.780208683,3.367328318,1.827265717,-0.812207377,1.994964512,3.555334021,1.562177967,2.294793693,-3.235655552,3.982084881,1.075639345,4.762789145,-5.430055529,4.07276319,0.942019108,1.185937078,-1.747553471
S1,1756553423,0,3.367328318,1.827265717,-0.812207377,1.994964512,3.555334021,1.562177967,2.294793693,-3.235655552,3.982084881,1.075639345,4.762789145,-5.430055529,4.07276319,0.942019108,1.185937078,-1.747553471,4.110596064,1.263724654,0.466299272,3.965098225
S1,1756553424,0,3.555334021,1.562177967,2.294793693,-3.235655552,3.982084881,1.075639345,4.762789145,-5.430055529,4.07276319,0.942019108,1.185937078,-1.747553471,4.110596064,1.263724654,0.466299272,3.965098225,3.98542344,1.218031198,-1.577522279,-0.575864289
S1,1756553425,0,3.982084881,1.075639345,4.762789145,-5.430055529,4.07276319,0.942019108,1.185937078,-1.747553471,4.110596064,1.263724654,0.466299272,3.965098225,3.98542344,1.218031198,-1.577522279,-0.575864289,4.670770814,0.562227712,8.554154634,-8.185402974
S1,1756553426,1,4.07276319,0.942019108,1.185937078,-1.747553471,4.110596064,1.263724654,0.466299272,3.965098225,3.98542344,1.218031198,-1.577522279,-0.575864289,4.670770814,0.562227712,8.554154634,-8.185402974,4.826199333,0.626258732,1.621250259,0.667897435
S1,1756553427,1,4.110596064,1.263724654,0.466299272,3.965098225,3.98542344,1.218031198,-1.577522279,-0.575864289,4.670770814,0.562227712,8.554154634,-8.185402974,4.826199333,0.626258732,1.621250259,0.667897435,4.961068433,0.715681493,1.687887545,1.119126352
S1,1756553428,1,3.98542344,1.218031198,-1.577522279,-0.575864289,4.670770814,0.562227712,8.554154634,-8.185402974,4.826199333,0.626258732,1.621250259,0.667897435,4.961068433,0.715681493,1.687887545,1.119126352,5.767295727,0.813449445,10.04429436,1.218031312
S1,1756553429,1,4.670770814,0.562227712,8.554154634,-8.185402974,4.826199333,0.626258732,1.621250259,0.667897435,4.961068433,0.715681493,1.687887545,1.119126352,5.767295727,0.813449445,10.04429436,1.218031312,5.794971959,0.825651258,0.293858991,0.129555658
S1,1756553430,0,4.826199333,0.626258732,1.621250259,0.667897435,4.961068433,0.715681493,1.687887545,1.119126352,5.767295727,0.813449445,10.04429436,1.218031312,5.794971959,0.825651258,0.293858991,0.129555658,5.210959605,0.232594067,-7.153841342,-7.264635796
S1,1756553431,1,4.961068433,0.715681493,1.687887545,1.119126352,5.767295727,0.813449445,10.04429436,1.218031312,5.794971959,0.825651258,0.293858991,0.129555658,5.210959605,0.232594067,-7.153841342,-7.264635796,4.42,0.732393337,-9.834540939,6.214345655
S1,1756553432,1,5.767295727,0.813449445,10.04429436,1.218031312,5.794971959,0.825651258,0.293858991,0.129555658,5.210959605,0.232594067,-7.153841342,-7.264635796,4.42,0.732393337,-9.834540939,6.214345655,3.823140071,1.271377206,-8.95707177,8.088526237
S1,1756553434,0,5.794971959,0.825651258,0.293858991,0.129555658,5.210959605,0.232594067,-7.153841342,-7.264635796,4.42,0.732393337,-9.834540939,6.214345655,3.823140071,1.271377206,-8.95707177,8.088526237,3.522981692,2.027658748,-3.309409121,8.338414683
S1,1756553435,0,5.210959605,0.232594067,-7.153841342,-7.264635796,4.42,0.732393337,-9.834540939,6.214345655,3.823140071,1.271377206,-8.95707177,8.088526237,3.522981692,2.027658748,-3.309409121,8.338414683,3.484207227,2.395767101,-0.494470655,4.694295042
S1,1756553436,0,4.42,0.732393337,-9.834540939,6.214345655,3.823140071,1.271377206,-8.95707177,8.088526237,3.522981692,2.027658748,-3.309409121,8.338414683,3.484207227,2.395767101,-0.494470655,4.694295042,3.360014881,2.586445437,-1.339027525,2.055871795
